"Species_name";"Species_ID";"Bleaching";"ID";"exceptions";"Symb_per_cm2";"Chl_per_cm2";"R";"G";"B"
"Acropora muricata";"Amu";"Long-term";"Amu_1_t0_1";"";4298407,578;11,48694033;93,55;73,98;59,65
"Acropora muricata";"Amu";"Long-term";"Amu_1_t5_2";"endo";151570,0645;NA;134,01;132,51;50,34
"Acropora muricata";"Amu";"Long-term";"Amu_1_t2_3";"";1591983,499;9,444835733;99,47;69,32;41,86
"Acropora muricata";"Amu";"Long-term";"Amu_1_t1_4";"";2878568,895;10,63164368;87,92;60,57;45,51
"Acropora muricata";"Amu";"Long-term";"Amu_1_t3_5";"";2464189,82;7,678948277;122,28;82,12;49,21
"Acropora muricata";"Amu";"Long-term";"Amu_1_t4_6";"endo";NA;7,915202082;140,65;110,3;57,14
"Acropora muricata";"Amu";"Long-term";"Amu_2_t0_1";"";NA;6,56050948;97,84;77,4;56,15
"Acropora muricata";"Amu";"Long-term";"Amu_2_t4_2";"";NA;3,55118758;152,5;119;72,68
"Acropora muricata";"Amu";"Long-term";"Amu_2_t5_3";"";817328,7785;2,917006862;171,96;138,27;95,46
"Acropora muricata";"Amu";"Long-term";"Amu_2_t2_4";"";1646808,657;5,154297226;118,55;86,77;49,2
"Acropora muricata";"Amu";"Long-term";"Amu_2_t1_5";"";1678610,649;6,661748991;118,07;70,15;39,93
"Acropora muricata";"Amu";"Long-term";"Amu_2_t3_6";"";NA;4,251199668;154,17;115,71;67,41
"Acropora muricata";"Amu";"Long-term";"Amu_3_t4_0";"";1737066,122;6,919552651;144,67;98,38;60,13
"Acropora muricata";"Amu";"Long-term";"Amu_3_t1_11";"";2260931,637;8,149644613;128,25;74,23;37,19
"Acropora muricata";"Amu";"Long-term";"Amu_3_t3_13";"";1111861,779;6,637011063;117,63;70,07;39,63
"Acropora muricata";"Amu";"Long-term";"Amu_3_t0_14";"";NA;12,24360586;101,42;63,25;41,33
"Acropora muricata";"Amu";"Long-term";"Amu_3_t2_22";"";1833555,356;7,141952771;143,46;87,73;41,03
"Acropora muricata";"Amu";"Long-term";"Amu_3_t5_23";"";NA;5,867098825;170,03;112,64;58,95
"Pocillopora verrucosa";"Pve";"Long-term";"Pve_1_t0_11";"";1329493,898;5,574037309;124,28;90,43;57,31
"Pocillopora verrucosa";"Pve";"Long-term";"Pve_1_t1_14";"";378970,1636;1,974655117;192,51;152,46;95,58
"Pocillopora verrucosa";"Pve";"Long-term";"Pve_1_t2_15";"";455290,7813;2,146754835;145,06;107,95;61,25
"Pocillopora verrucosa";"Pve";"Long-term";"Pve_1_t3_0";"";388186,3294;1,908115896;178,33;144,08;104,1
"Pocillopora verrucosa";"Pve";"Long-term";"Pve_1_t4_12";"";NA;2,019308669;216,84;174,21;127,75
"Pocillopora verrucosa";"Pve";"Long-term";"Pve_2_t0_6";"";1557917,889;11,03217857;90,46;64,94;50,91
"Pocillopora verrucosa";"Pve";"Long-term";"Pve_2_t1_5";"";1827380,668;9,158191281;79,34;55,33;41,14
"Pocillopora verrucosa";"Pve";"Long-term";"Pve_2_t2_3";"";2052286,354;9,165873027;104,34;68,44;39,59
"Pocillopora verrucosa";"Pve";"Long-term";"Pve_2_t3_2";"";820216,5486;4,2465173;127,74;88,53;55,33
"Pocillopora verrucosa";"Pve";"Long-term";"Pve_2_t4_1";"";1085878,766;4,070103001;142,69;95,77;51,76
"Pocillopora verrucosa";"Pve";"Long-term";"Pve_3_t0_1";"";1676946,608;5,214779123;122,57;101,23;66,84
"Pocillopora verrucosa";"Pve";"Long-term";"Pve_3_t1_2";"";1296681,502;3,337865424;123,56;103,79;67,6
"Pocillopora verrucosa";"Pve";"Long-term";"Pve_3_t2_5";"";678471,6783;2,952835339;128,24;104,38;60,77
"Pocillopora verrucosa";"Pve";"Long-term";"Pve_3_t3_3";"";587369,6708;3,374135668;159,57;128,28;79,69
"Pocillopora verrucosa";"Pve";"Long-term";"Pve_3_t4_4";"";771684,3297;4,114963817;168,42;133,22;76,53
"Pocillopora verrucosa";"Pve";"Long-term";"Pve_1_t5_13";"";133940,1821;NA;218,41;186,18;139,24
"Pocillopora verrucosa";"Pve";"Long-term";"Pve_3_t5_6";"";165434,0576;NA;178,9;150,25;91,46
"Stylophora pistillata";"Spi";"Long-term";"Spi_1_t0_0";"";5014711,625;15,00102459;90,37;67,43;49,34
"Stylophora pistillata";"Spi";"Long-term";"Spi_1_t1_23";"";3149558,082;13,02729073;102,46;75,78;50
"Stylophora pistillata";"Spi";"Long-term";"Spi_1_t2_22";"";3239182,16;12,98409755;92,33;66;41,54
"Stylophora pistillata";"Spi";"Long-term";"Spi_1_t3_21";"";1551149,427;8,575509441;101,42;71,95;39,69
"Stylophora pistillata";"Spi";"Long-term";"Spi_1_t4_25";"";874046,8892;6,345267636;123,36;90;54,74
"Stylophora pistillata";"Spi";"Long-term";"Spi_1_t5_24";"";242306,0855;2,850438658;173,46;131,32;85,41
"Stylophora pistillata";"Spi";"Long-term";"Spi_2_t0_12";"";1676500,624;9,246567571;128,69;88,79;70,46
"Stylophora pistillata";"Spi";"Long-term";"Spi_2_t1_11";"";1256340,966;8,322666287;92,85;62,95;43,36
"Stylophora pistillata";"Spi";"Long-term";"Spi_2_t2_16";"";629264,0922;5,598794462;119,02;83,68;53,27
"Stylophora pistillata";"Spi";"Long-term";"Spi_2_t3_15";"";471031,5591;4,455453873;122,02;86,16;53,12
"Stylophora pistillata";"Spi";"Long-term";"Spi_3_t0_22";"";3285539,907;12,75458674;71,66;56,08;49,39
"Stylophora pistillata";"Spi";"Long-term";"Spi_3_t1_23";"";3567036,974;11,89153664;58,81;46,21;35,11
"Stylophora pistillata";"Spi";"Long-term";"Spi_3_t2_24";"";1516841,993;6,540218893;88,49;64,41;43,46
"Stylophora pistillata";"Spi";"Long-term";"Spi_3_t3_25";"";2867674,961;8,801973221;96,65;74,92;50,03
"Stylophora pistillata";"Spi";"Long-term";"Spi_3_t4_21";"";985772,8992;NA;127,66;95,03;52,58
"Acropora muricata";"Amu";"Short-term";"Amu_A_Control_02";"";524162,4243;2,398755231;197,37;179,82;152,11
"Acropora muricata";"Amu";"Short-term";"Amu_A_ST_02";"";528641,5972;3,155825384;178,67;153,62;132,7
"Acropora muricata";"Amu";"Short-term";"Amu_B_VT_01";"";962033,5133;7,384838428;136,61;89,01;55,22
"Acropora muricata";"Amu";"Short-term";"Amu_C_ST_01";"";1242914,416;9,018878906;101,91;65,36;48,1
"Acropora muricata";"Amu";"Short-term";"Amu_C_VT_01";"";825412,0946;6,71989677;142,17;89,87;52
"Acropora muricata";"Amu";"Short-term";"Amu_C_VT_02";"";426387,4389;2,111554275;162,79;133,76;111,59
"Acropora muricata";"Amu";"Short-term";"Amu_D_Control_02";"";50035,26103;1,035699214;212,76;198,62;169,1
"Acropora muricata";"Amu";"Short-term";"Amu_D_ST_02";"";100135,1538;1,473747505;182,74;162,03;140,76
"Acropora muricata";"Amu";"Short-term";"Amu_L_Control_01";"";1880661,287;11,46444817;69,36;49,87;46,65
"Acropora muricata";"Amu";"Short-term";"Amu_L_ST_02";"";19769,14507;0,977058921;226,91;214,8;186,86
"Acropora muricata";"Amu";"Short-term";"Amu_L_VT_02";"";22355,1215;1,819030549;238,05;226,28;192,86
"Acropora muricata";"Amu";"Short-term";"Amu_N_Control_02";"";32655,73278;1,591984096;225,92;211,86;173,37
"Acropora muricata";"Amu";"Short-term";"Amu_N_ST_01";"";1363112,047;9,309621909;97,68;71,15;58,55
"Acropora muricata";"Amu";"Short-term";"Amu_N_VT_02";"";39999,65301;1,072490206;215,84;201,26;172,27
"Acropora muricata";"Amu";"Short-term";"Amu_Q_Control_01";"";1411400,22;13,09444085;93,61;66,18;50,71
"Acropora muricata";"Amu";"Short-term";"Amu_R_Control_01";"";1579094,448;9,749324993;84,17;60,58;52,76
"Acropora muricata";"Amu";"Short-term";"Amu_R_ST_02";"";79332,48712;1,098094954;194,64;182,48;167,54
"Acropora muricata";"Amu";"Short-term";"Amu_R_VT_01";"";1324765,36;10,70128764;89,21;65,71;56,98
"Acropora muricata";"Amu";"Short-term";"Amu_R_VT_02";"";33958,16354;0,708496656;194,6;178,47;157,47
"Pocillopora verrucosa";"Pve";"Short-term";"Pve_3_Control_02";"endo";54334,41218;0,366471631;193,9;174,66;140,09
"Pocillopora verrucosa";"Pve";"Short-term";"Pve_A_ST_01";"";1421754,338;8,818554215;102,33;73,02;56,32
"Pocillopora verrucosa";"Pve";"Short-term";"Pve_A_ST_02";"";263186,4089;1,735230761;184,53;163,86;128,93
"Pocillopora verrucosa";"Pve";"Short-term";"Pve_A_VT_01";"";1286448,489;8,231333008;108,36;77,7;62,16
"Pocillopora verrucosa";"Pve";"Short-term";"Pve_B_Control_02";"";583427,5902;3,225348329;147,21;126,6;101,85
"Pocillopora verrucosa";"Pve";"Short-term";"Pve_B_VT_01";"";1222205,656;6,322827731;123,7;87,32;67,18
"Pocillopora verrucosa";"Pve";"Short-term";"Pve_B_VT_02";"";189778,4454;1,285501263;173,72;153,31;123,66
"Pocillopora verrucosa";"Pve";"Short-term";"Pve_C_Control_01";"";1538593,741;9,926024196;103,22;75,19;58,37
"Pocillopora verrucosa";"Pve";"Short-term";"Pve_C_ST_01";"";1255448,051;7,77761267;108,83;78,82;64,92
"Pocillopora verrucosa";"Pve";"Short-term";"Pve_C_VT_02";"";206034,9776;0,897500542;165,64;142,8;109,21
"Pocillopora verrucosa";"Pve";"Short-term";"Pve_E_Control_01";"";2976217,05;12,70337305;78,44;53,25;34,7
"Pocillopora verrucosa";"Pve";"Short-term";"Pve_E_ST_01";"";1071676,638;8,895890438;90,27;56,01;42,16
"Pocillopora verrucosa";"Pve";"Short-term";"Pve_E_VT_01";"";1855689,42;8,61912431;104,07;72,46;46,85
"Pocillopora verrucosa";"Pve";"Short-term";"Pve_F_Control_02";"";703761,8526;NA;173,53;150,33;122,73
"Pocillopora verrucosa";"Pve";"Short-term";"Pve_F_ST_02";"";217372,5758;1,769621308;165,25;136,24;105,7
"Pocillopora verrucosa";"Pve";"Short-term";"Pve_G_Control_01";"";1905613,498;9,345348471;97,9;70,01;54,17
"Pocillopora verrucosa";"Pve";"Short-term";"Pve_G_ST_02";"";200054,1261;2,062530674;157,74;127,11;104,92
"Pocillopora verrucosa";"Pve";"Short-term";"Pve_G_VT_02";"";457135,158;3,775075754;132,43;98,6;75,2
"Stylophora pistillata";"Spi";"Short-term";"Spi_A_Control_02";"";162149,2452;NA;196,45;184,22;156,91
"Stylophora pistillata";"Spi";"Short-term";"Spi_A_ST_01";"";2772979,714;10,6729602;73,56;51,72;45,33
"Stylophora pistillata";"Spi";"Short-term";"Spi_A_VT_02";"";474241,1655;1,575050454;176,36;161,23;139
"Stylophora pistillata";"Spi";"Short-term";"Spi_B_ST_01";"";1182614,736;7,190590645;85,67;57,67;40,94
"Stylophora pistillata";"Spi";"Short-term";"Spi_B_ST_02";"";57399,54334;0,558440079;200,64;184,67;152,94
"Stylophora pistillata";"Spi";"Short-term";"Spi_C_Control_01";"";1486760,895;7,492500166;86,76;55,32;38,43
"Stylophora pistillata";"Spi";"Short-term";"Spi_C_Control_02";"endo";464685,3859;1,482382207;177,59;155,87;113,56
"Stylophora pistillata";"Spi";"Short-term";"Spi_C_VT_01";"";1644798,573;5,328548121;138,87;88,55;44,88
"Stylophora pistillata";"Spi";"Short-term";"Spi_D_Control_01";"";4241763,743;14,36548769;68,28;50,8;46,4
"Stylophora pistillata";"Spi";"Short-term";"Spi_D_Control_02";"";235855,0894;0,889233854;187,31;170,58;142,87
"Stylophora pistillata";"Spi";"Short-term";"Spi_D_ST_02";"";135953,1844;0,761822906;192,2;175,8;149,08
"Stylophora pistillata";"Spi";"Short-term";"Spi_D_VT_01";"";1712330,947;9,190537493;76,13;56,99;46,53
"Stylophora pistillata";"Spi";"Short-term";"Spi_E_Control_01";"";1478493,979;6,32160218;132,63;79,96;45,88
"Stylophora pistillata";"Spi";"Short-term";"Spi_E_ST_01";"";1001505,022;4,167890476;157,82;105,72;62,06
"Stylophora pistillata";"Spi";"Short-term";"Spi_E_VT_01";"";1577918,934;7,338193831;111,63;68,95;42,65
"Stylophora pistillata";"Spi";"Short-term";"Spi_E_VT_02";"";213419,0065;0,788766238;208,12;190,6;149,48
"Acropora muricata";"Amu";"Menthol";"Amu_A_1m_5";"";549706,7836;NA;206,1;134,42;71,64
"Acropora muricata";"Amu";"Menthol";"Amu_A_1m_6";"";42104,96355;NA;229,83;208,59;124,91
"Acropora muricata";"Amu";"Menthol";"Amu_B_1m_5";"";63236,64029;NA;226,66;212,74;110,31
"Acropora muricata";"Amu";"Menthol";"Amu_B_1m_6";"";343670,1651;NA;216,66;164,21;92,98
"Acropora muricata";"Amu";"Menthol";"Amu_C_1m_5";"";821548,1291;NA;195,16;123,13;66,19
"Acropora muricata";"Amu";"Menthol";"Amu_C_1m_6";"";23822,00495;NA;230,62;213,34;153,56
"Pocillopora verrucosa";"Pve";"Menthol";"Pve_A_1m_5";"color";122689,2638;NA;225,65;167,67;103,93
"Pocillopora verrucosa";"Pve";"Menthol";"Pve_A_1m_6";"color";148588,238;NA;223,93;197,21;127,32
"Pocillopora verrucosa";"Pve";"Menthol";"Pve_B_1m_5";"";179534,6833;NA;225,48;181,8;104,87
"Pocillopora verrucosa";"Pve";"Menthol";"Pve_B_1m_6";"color";150883,4697;NA;226,73;168,65;114,41
"Pocillopora verrucosa";"Pve";"Menthol";"Pve_C_1m_5";"";220916,9829;NA;221,55;180,67;107,68
"Pocillopora verrucosa";"Pve";"Menthol";"Pve_C_1m_6";"";84168,6816;NA;224,55;195,08;114,53
"Stylophora pistillata";"Spi";"Menthol";"Spi_A_1m_5";"";1066041,988;NA;199,23;135,53;78,91
"Stylophora pistillata";"Spi";"Menthol";"Spi_A_1m_6";"";1543370,313;NA;197,19;116,5;82,59
"Stylophora pistillata";"Spi";"Menthol";"Spi_C_1m_6";"";226900,4861;NA;228,93;176,65;102,74
"Stylophora pistillata";"Spi";"Menthol";"Spi_C_1m_5";"";380565,1014;NA;233,82;206,12;131,53
"Stylophora pistillata";"Spi";"Menthol";"Spi_D_1m_5";"color";266918,6379;NA;233,95;176,96;119,22
"Stylophora pistillata";"Spi";"Menthol";"Spi_D_1m_6";"color";645886,5705;NA;231,75;146,35;119,43
"Pocillopora verrucosa";"Pve";"Menthol";"Pve_A_1m6r1m_7";"";51232,93216;NA;219,02;203,95;154,62
"Pocillopora verrucosa";"Pve";"Menthol";"Pve_A_1m6r1m_8";"";3294,689264;NA;222,27;202,41;142,96
"Pocillopora verrucosa";"Pve";"Menthol";"Pve_B_1m6r1m_7";"";4814,675671;NA;239,14;227,65;181,08
"Pocillopora verrucosa";"Pve";"Menthol";"Pve_B_1m6r1m_8";"";17490,60701;NA;230,36;210,16;160,69
"Pocillopora verrucosa";"Pve";"Menthol";"Pve_C_1m6r1m_7";"";9811,522273;NA;220,96;209,77;156,24
"Acropora muricata";"Amu";"Menthol";"Amu_A_1m6r1m_7";"";10487,55764;NA;228,99;197,89;127,51
"Acropora muricata";"Amu";"Menthol";"Amu_A_1m6r1m_8";"";79374,23861;NA;226,5;185,18;99,73
"Acropora muricata";"Amu";"Menthol";"Amu_B_1m6r1m_7";"";9346,221524;NA;223,19;205,17;118,96
"Acropora muricata";"Amu";"Menthol";"Amu_B_1m6r1m_8";"";8919,488416;NA;222,61;207,02;103,2
"Acropora muricata";"Amu";"Menthol";"Amu_C_1m6r1m_7";"";74553,90888;NA;231,1;207,65;131,14
"Acropora muricata";"Amu";"Menthol";"Amu_C_1m6r1m_8";"";6575,294403;NA;225,66;206,12;123,46
"Pocillopora verrucosa";"Pve";"Menthol";"Pve_C_1m6r1m_8";"";217744,9132;NA;207,34;132,33;72,97
"Stylophora pistillata";"Spi";"Menthol";"Spi_A_1m6r1m_7";"color";105797,1783;NA;233,85;191,21;136,58
"Stylophora pistillata";"Spi";"Menthol";"Spi_A_1m6r1m_8";"color";157448,4247;NA;224,52;177,79;109,09
"Stylophora pistillata";"Spi";"Menthol";"Spi_C_1m6r1m_7";"";8077,384109;NA;230,25;221,84;156,26
"Stylophora pistillata";"Spi";"Menthol";"Spi_C_1m6r1m_8";"color";16910,23493;NA;233,81;212,2;150,42
"Stylophora pistillata";"Spi";"Menthol";"Spi_D_1m6r1m_7";"color";514815,0956;NA;220,48;141,58;104,31
"Stylophora pistillata";"Spi";"Menthol";"Spi_D_1m6r1m_8";"color";156198,1221;NA;233,72;163,16;120,14
"Acropora muricata";"Amu";"Menthol";"Amu_A_3m1r1m_3";"";2383,627947;NA;223,83;200,08;91,46
"Acropora muricata";"Amu";"Menthol";"Amu_A_3m1r1m_4";"";5643,818608;NA;229,58;211,2;108,57
"Acropora muricata";"Amu";"Menthol";"Amu_B_3m1r1m_3";"";9774,346823;NA;225,93;210,74;109,83
"Acropora muricata";"Amu";"Menthol";"Amu_B_3m1r1m_4";"";52211,65781;NA;215,47;191,19;89,98
"Acropora muricata";"Amu";"Menthol";"Amu_C_3m1r1m_3";"";39912,62528;NA;232,38;213,33;137,59
"Acropora muricata";"Amu";"Menthol";"Amu_C_3m1r1m_4";"";21719,48532;NA;234,44;215,75;141,74
"Stylophora pistillata";"Spi";"Menthol";"Spi_A_3m1r1m_3";"color";235880,3509;NA;226,33;163,59;103,09
"Stylophora pistillata";"Spi";"Menthol";"Spi_A_3m1r1m_4";"";368318,1073;NA;219,57;159,61;94,93
"Stylophora pistillata";"Spi";"Menthol";"Spi_C_3m1r1m_3";"";6459,509341;NA;233,49;218,38;146,33
"Stylophora pistillata";"Spi";"Menthol";"Spi_C_3m1r1m_4";"";15636,32901;NA;235,11;217,18;154,17
"Stylophora pistillata";"Spi";"Menthol";"Spi_D_3m1r1m_3";"";257965,6861;NA;230,05;157,48;101,13
"Stylophora pistillata";"Spi";"Menthol";"Spi_D_3m1r1m_4";"color";171094,5127;NA;227,75;191,3;117,44
"Acropora muricata";"Amu";"Menthol";"Amu_A_C_1";"";1459463,736;NA;163,88;100,25;61,28
"Acropora muricata";"Amu";"Menthol";"Amu_A_C_2";"";1511915,459;NA;152,9;85,81;45,05
"Acropora muricata";"Amu";"Menthol";"Amu_B_C_1";"";1466602,479;NA;166,96;96,28;53,21
"Acropora muricata";"Amu";"Menthol";"Amu_B_C_2";"";2216834,504;NA;176,6;100,38;49,47
"Acropora muricata";"Amu";"Menthol";"Amu_C_C_1";"";1501955,519;NA;160,02;88,77;47,79
"Acropora muricata";"Amu";"Menthol";"Amu_C_C_2";"";1328541,498;NA;159,14;86,4;45,58
"Pocillopora verrucosa";"Pve";"Menthol";"Pve_A_C_1";"";2113670,969;NA;164,7;106,54;76,06
"Pocillopora verrucosa";"Pve";"Menthol";"Pve_A_C_2";"";1419704,418;NA;162,25;104,42;66,06
"Pocillopora verrucosa";"Pve";"Menthol";"Pve_B_C_1";"";1467317,028;NA;162,37;102,76;62,5
"Pocillopora verrucosa";"Pve";"Menthol";"Pve_B_C_2";"";841264,8437;NA;175,36;111,04;63,22
"Pocillopora verrucosa";"Pve";"Menthol";"Pve_C_C_1";"";1024096,591;NA;169,46;107,01;62,17
"Pocillopora verrucosa";"Pve";"Menthol";"Pve_C_C_2";"";1880654,834;NA;146,53;92,2;55,07
"Stylophora pistillata";"Spi";"Menthol";"Spi_A_C_1";"";3750433,122;NA;133,97;94,88;65,12
"Stylophora pistillata";"Spi";"Menthol";"Spi_A_C_2";"";3101470,476;NA;145,04;90,25;62,32
"Stylophora pistillata";"Spi";"Menthol";"Spi_C_C_1";"";1484818,49;NA;183,04;118,33;67,67
"Stylophora pistillata";"Spi";"Menthol";"Spi_C_C_2";"";1358678,2;NA;199,15;122,8;61
"Stylophora pistillata";"Spi";"Menthol";"Spi_D_C_1";"";3238892,474;NA;144,48;91,66;66,25
"Stylophora pistillata";"Spi";"Menthol";"Spi_D_C_2";"";2731149,747;NA;144,56;101,59;68,83
